id,time_of_event,time_of_alert,label,vid_path,event_frame,tensor_path
00000,20.76,19.136,1,data/00000.mp4,7,train_tensor/00000.pt
00004,19.367,19.167,1,data/00004.mp4,7,train_tensor/00004.pt
00005,20.874,20.809,1,data/00005.mp4,7,train_tensor/00005.pt
00006,19.233,17.133,1,data/00006.mp4,7,train_tensor/00006.pt
00007,21.2,19.5,1,data/00007.mp4,7,train_tensor/00007.pt
00008,19.267,19.233,1,data/00008.mp4,7,train_tensor/00008.pt
00010,20.9,18.533,1,data/00010.mp4,7,train_tensor/00010.pt
00013,20.567,18.6,1,data/00013.mp4,7,train_tensor/00013.pt
00015,19.7,17.667,1,data/00015.mp4,7,train_tensor/00015.pt
00016,19.771,17.861,1,data/00016.mp4,7,train_tensor/00016.pt
00017,19.2,17.2,1,data/00017.mp4,7,train_tensor/00017.pt
00018,20.683,20.367,1,data/00018.mp4,7,train_tensor/00018.pt
00019,19.896,19.341,1,data/00019.mp4,7,train_tensor/00019.pt
00021,20.033,18.767,1,data/00021.mp4,7,train_tensor/00021.pt
00022,19.433,18.267,1,data/00022.mp4,7,train_tensor/00022.pt
00023,19.9,18.967,1,data/00023.mp4,7,train_tensor/00023.pt
00024,20.533,19.567,1,data/00024.mp4,7,train_tensor/00024.pt
00026,9.796,6.997,1,data/00026.mp4,8,train_tensor/00026.pt
00027,19.567,17.8,1,data/00027.mp4,7,train_tensor/00027.pt
00028,19.929,17.74,1,data/00028.mp4,7,train_tensor/00028.pt
00032,19.533,19.233,1,data/00032.mp4,7,train_tensor/00032.pt
00036,22.174,21.412,1,data/00036.mp4,8,train_tensor/00036.pt
00037,20.533,19.633,1,data/00037.mp4,7,train_tensor/00037.pt
00039,19.067,17.6,1,data/00039.mp4,7,train_tensor/00039.pt
00040,18.433,17.4,1,data/00040.mp4,7,train_tensor/00040.pt
00042,19.465,17.766,1,data/00042.mp4,7,train_tensor/00042.pt
00043,9.263,8.863,1,data/00043.mp4,7,train_tensor/00043.pt
00047,19.567,18.4,1,data/00047.mp4,7,train_tensor/00047.pt
00048,9.863,9.496,1,data/00048.mp4,7,train_tensor/00048.pt
00049,19.399,18.264,1,data/00049.mp4,7,train_tensor/00049.pt
00054,19.3,17.767,1,data/00054.mp4,7,train_tensor/00054.pt
00056,19.4,18.9,1,data/00056.mp4,7,train_tensor/00056.pt
00057,20.317,19.133,1,data/00057.mp4,7,train_tensor/00057.pt
00058,19.149,18.071,1,data/00058.mp4,7,train_tensor/00058.pt
00059,18.933,18.6,1,data/00059.mp4,7,train_tensor/00059.pt
00061,18.833,16.733,1,data/00061.mp4,7,train_tensor/00061.pt
00062,18.867,17.8,1,data/00062.mp4,7,train_tensor/00062.pt
00063,19.55,17.8,1,data/00063.mp4,7,train_tensor/00063.pt
00064,8.167,7.567,1,data/00064.mp4,6,train_tensor/00064.pt
00065,19.0,17.567,1,data/00065.mp4,7,train_tensor/00065.pt
00068,19.9,16.733,1,data/00068.mp4,7,train_tensor/00068.pt
00074,20.233,18.967,1,data/00074.mp4,7,train_tensor/00074.pt
00077,19.964,17.645,1,data/00077.mp4,7,train_tensor/00077.pt
00078,18.933,18.0,1,data/00078.mp4,7,train_tensor/00078.pt
00079,20.3,19.3,1,data/00079.mp4,7,train_tensor/00079.pt
00081,18.667,18.533,1,data/00081.mp4,7,train_tensor/00081.pt
00082,20.167,17.433,1,data/00082.mp4,7,train_tensor/00082.pt
00084,20.354,18.46,1,data/00084.mp4,7,train_tensor/00084.pt
00085,18.967,18.567,1,data/00085.mp4,7,train_tensor/00085.pt
00086,19.4,15.9,1,data/00086.mp4,7,train_tensor/00086.pt
00089,20.367,19.299,1,data/00089.mp4,7,train_tensor/00089.pt
00093,9.933,7.533,1,data/00093.mp4,8,train_tensor/00093.pt
00095,9.531,8.831,1,data/00095.mp4,7,train_tensor/00095.pt
00096,20.487,19.699,1,data/00096.mp4,7,train_tensor/00096.pt
00097,19.949,19.916,1,data/00097.mp4,7,train_tensor/00097.pt
00098,19.11,16.823,1,data/00098.mp4,7,train_tensor/00098.pt
00100,18.467,17.233,1,data/00100.mp4,7,train_tensor/00100.pt
00102,18.067,16.833,1,data/00102.mp4,6,train_tensor/00102.pt
00103,20.467,19.4,1,data/00103.mp4,7,train_tensor/00103.pt
00104,20.783,20.133,1,data/00104.mp4,7,train_tensor/00104.pt
00105,20.1,19.267,1,data/00105.mp4,7,train_tensor/00105.pt
00106,18.1,16.9,1,data/00106.mp4,6,train_tensor/00106.pt
00108,19.3,18.233,1,data/00108.mp4,7,train_tensor/00108.pt
00109,20.133,16.167,1,data/00109.mp4,7,train_tensor/00109.pt
00110,19.164,16.087,1,data/00110.mp4,6,train_tensor/00110.pt
00111,19.783,18.167,1,data/00111.mp4,7,train_tensor/00111.pt
00112,18.967,17.433,1,data/00112.mp4,7,train_tensor/00112.pt
00114,20.0,18.367,1,data/00114.mp4,7,train_tensor/00114.pt
00117,19.133,18.967,1,data/00117.mp4,7,train_tensor/00117.pt
00118,20.333,19.4,1,data/00118.mp4,7,train_tensor/00118.pt
00121,19.3,18.733,1,data/00121.mp4,7,train_tensor/00121.pt
00122,20.217,19.448,1,data/00122.mp4,7,train_tensor/00122.pt
00123,19.467,18.133,1,data/00123.mp4,7,train_tensor/00123.pt
00125,20.624,19.873,1,data/00125.mp4,7,train_tensor/00125.pt
00127,18.117,16.419,1,data/00127.mp4,6,train_tensor/00127.pt
00128,19.267,18.333,1,data/00128.mp4,7,train_tensor/00128.pt
00129,20.567,19.733,1,data/00129.mp4,7,train_tensor/00129.pt
00131,19.581,18.645,1,data/00131.mp4,7,train_tensor/00131.pt
00132,20.167,19.267,1,data/00132.mp4,7,train_tensor/00132.pt
00133,19.903,18.276,1,data/00133.mp4,7,train_tensor/00133.pt
00136,19.15,16.507,1,data/00136.mp4,7,train_tensor/00136.pt
00142,20.921,19.486,1,data/00142.mp4,7,train_tensor/00142.pt
00143,20.074,18.929,1,data/00143.mp4,7,train_tensor/00143.pt
00145,17.4,15.233,1,data/00145.mp4,6,train_tensor/00145.pt
00147,19.517,18.367,1,data/00147.mp4,6,train_tensor/00147.pt
00148,19.233,17.3,1,data/00148.mp4,7,train_tensor/00148.pt
00151,20.32,18.252,1,data/00151.mp4,7,train_tensor/00151.pt
00152,20.091,18.621,1,data/00152.mp4,7,train_tensor/00152.pt
00153,20.554,17.651,1,data/00153.mp4,7,train_tensor/00153.pt
00155,19.221,17.31,1,data/00155.mp4,7,train_tensor/00155.pt
00157,19.294,17.596,1,data/00157.mp4,7,train_tensor/00157.pt
00158,22.867,20.733,1,data/00158.mp4,8,train_tensor/00158.pt
00160,19.833,17.567,1,data/00160.mp4,7,train_tensor/00160.pt
00162,19.983,19.95,1,data/00162.mp4,7,train_tensor/00162.pt
00163,18.758,17.613,1,data/00163.mp4,7,train_tensor/00163.pt
00164,10.226,9.093,1,data/00164.mp4,8,train_tensor/00164.pt
00167,20.0,18.233,1,data/00167.mp4,7,train_tensor/00167.pt
00169,19.903,18.742,1,data/00169.mp4,7,train_tensor/00169.pt
00170,21.133,20.0,1,data/00170.mp4,7,train_tensor/00170.pt
00172,18.433,17.8,1,data/00172.mp4,6,train_tensor/00172.pt
00173,9.263,6.397,1,data/00173.mp4,7,train_tensor/00173.pt
00174,20.0,19.0,1,data/00174.mp4,7,train_tensor/00174.pt
00175,19.052,17.851,1,data/00175.mp4,7,train_tensor/00175.pt
00177,19.667,19.067,1,data/00177.mp4,7,train_tensor/00177.pt
00179,20.0,18.967,1,data/00179.mp4,7,train_tensor/00179.pt
00181,20.049,17.934,1,data/00181.mp4,9,train_tensor/00181.pt
00183,19.467,17.8,1,data/00183.mp4,7,train_tensor/00183.pt
00184,21.633,21.5,1,data/00184.mp4,7,train_tensor/00184.pt
00187,20.38,20.347,1,data/00187.mp4,7,train_tensor/00187.pt
00188,20.052,19.477,1,data/00188.mp4,7,train_tensor/00188.pt
00189,20.335,18.098,1,data/00189.mp4,7,train_tensor/00189.pt
00190,18.867,15.867,1,data/00190.mp4,6,train_tensor/00190.pt
00192,19.5,17.567,1,data/00192.mp4,7,train_tensor/00192.pt
00194,20.329,17.29,1,data/00194.mp4,7,train_tensor/00194.pt
00195,19.933,19.3,1,data/00195.mp4,7,train_tensor/00195.pt
00199,9.225,7.726,1,data/00199.mp4,7,train_tensor/00199.pt
00200,19.132,17.206,1,data/00200.mp4,7,train_tensor/00200.pt
00202,19.633,18.167,1,data/00202.mp4,7,train_tensor/00202.pt
00206,20.733,17.467,1,data/00206.mp4,7,train_tensor/00206.pt
00207,18.4,15.433,1,data/00207.mp4,7,train_tensor/00207.pt
00208,19.8,19.233,1,data/00208.mp4,6,train_tensor/00208.pt
00209,18.533,17.2,1,data/00209.mp4,7,train_tensor/00209.pt
00213,18.719,16.016,1,data/00213.mp4,7,train_tensor/00213.pt
00214,21.157,20.341,1,data/00214.mp4,7,train_tensor/00214.pt
00216,18.267,16.767,1,data/00216.mp4,6,train_tensor/00216.pt
00217,19.9,18.967,1,data/00217.mp4,7,train_tensor/00217.pt
00218,19.65,19.267,1,data/00218.mp4,7,train_tensor/00218.pt
00222,20.033,18.6,1,data/00222.mp4,7,train_tensor/00222.pt
00224,19.367,17.633,1,data/00224.mp4,7,train_tensor/00224.pt
00225,21.05,19.667,1,data/00225.mp4,7,train_tensor/00225.pt
00226,19.433,18.333,1,data/00226.mp4,7,train_tensor/00226.pt
00227,20.067,18.767,1,data/00227.mp4,7,train_tensor/00227.pt
00228,20.096,19.017,1,data/00228.mp4,7,train_tensor/00228.pt
00232,19.033,17.333,1,data/00232.mp4,7,train_tensor/00232.pt
00233,19.433,18.167,1,data/00233.mp4,7,train_tensor/00233.pt
00236,9.597,8.898,1,data/00236.mp4,7,train_tensor/00236.pt
00237,19.267,15.167,1,data/00237.mp4,7,train_tensor/00237.pt
00238,20.35,17.5,1,data/00238.mp4,7,train_tensor/00238.pt
00239,7.833,7.367,1,data/00239.mp4,6,train_tensor/00239.pt
00240,19.492,18.546,1,data/00240.mp4,7,train_tensor/00240.pt
00244,19.387,18.258,1,data/00244.mp4,7,train_tensor/00244.pt
00245,20.133,19.067,1,data/00245.mp4,7,train_tensor/00245.pt
00247,18.912,16.495,1,data/00247.mp4,6,train_tensor/00247.pt
00250,9.16,7.661,1,data/00250.mp4,7,train_tensor/00250.pt
00251,18.682,18.306,1,data/00251.mp4,6,train_tensor/00251.pt
00252,18.95,17.333,1,data/00252.mp4,7,train_tensor/00252.pt
00253,22.377,21.038,1,data/00253.mp4,8,train_tensor/00253.pt
00254,18.533,17.2,1,data/00254.mp4,6,train_tensor/00254.pt
00255,20.733,19.967,1,data/00255.mp4,7,train_tensor/00255.pt
00256,19.183,18.267,1,data/00256.mp4,7,train_tensor/00256.pt
00262,17.9,13.933,1,data/00262.mp4,7,train_tensor/00262.pt
00263,20.05,19.333,1,data/00263.mp4,7,train_tensor/00263.pt
00265,20.433,18.067,1,data/00265.mp4,7,train_tensor/00265.pt
00270,20.333,18.667,1,data/00270.mp4,7,train_tensor/00270.pt
00271,49.633,48.2,1,data/00271.mp4,12,train_tensor/00271.pt
00273,20.533,19.4,1,data/00273.mp4,7,train_tensor/00273.pt
00275,10.166,8.466,1,data/00275.mp4,8,train_tensor/00275.pt
00276,19.55,18.733,1,data/00276.mp4,7,train_tensor/00276.pt
00283,9.896,8.763,1,data/00283.mp4,8,train_tensor/00283.pt
00287,20.115,18.45,1,data/00287.mp4,7,train_tensor/00287.pt
00288,18.919,17.873,1,data/00288.mp4,8,train_tensor/00288.pt
00289,20.5,19.167,1,data/00289.mp4,7,train_tensor/00289.pt
00290,18.33,17.448,1,data/00290.mp4,6,train_tensor/00290.pt
00291,17.647,15.229,1,data/00291.mp4,6,train_tensor/00291.pt
00292,20.8,19.533,1,data/00292.mp4,7,train_tensor/00292.pt
00294,19.6,16.533,1,data/00294.mp4,7,train_tensor/00294.pt
00296,19.5,18.567,1,data/00296.mp4,7,train_tensor/00296.pt
00298,20.641,19.073,1,data/00298.mp4,7,train_tensor/00298.pt
00301,20.02,19.119,1,data/00301.mp4,7,train_tensor/00301.pt
00303,20.467,18.8,1,data/00303.mp4,7,train_tensor/00303.pt
00307,20.367,19.133,1,data/00307.mp4,7,train_tensor/00307.pt
00308,19.802,16.572,1,data/00308.mp4,7,train_tensor/00308.pt
00309,19.233,18.433,1,data/00309.mp4,7,train_tensor/00309.pt
00310,20.963,20.106,1,data/00310.mp4,7,train_tensor/00310.pt
00311,18.714,14.533,1,data/00311.mp4,6,train_tensor/00311.pt
00317,7.333,5.533,1,data/00317.mp4,5,train_tensor/00317.pt
00318,20.09,19.035,1,data/00318.mp4,7,train_tensor/00318.pt
00320,20.6,18.733,1,data/00320.mp4,7,train_tensor/00320.pt
00321,19.067,17.867,1,data/00321.mp4,7,train_tensor/00321.pt
00324,20.05,19.167,1,data/00324.mp4,7,train_tensor/00324.pt
00325,19.417,18.3,1,data/00325.mp4,7,train_tensor/00325.pt
00328,19.355,18.613,1,data/00328.mp4,7,train_tensor/00328.pt
00329,19.233,17.833,1,data/00329.mp4,7,train_tensor/00329.pt
00330,20.433,19.567,1,data/00330.mp4,7,train_tensor/00330.pt
00331,19.511,18.008,1,data/00331.mp4,7,train_tensor/00331.pt
00332,5.833,5.333,1,data/00332.mp4,3,train_tensor/00332.pt
00333,19.667,17.0,1,data/00333.mp4,7,train_tensor/00333.pt
00334,19.083,18.4,1,data/00334.mp4,7,train_tensor/00334.pt
00335,20.15,18.515,1,data/00335.mp4,7,train_tensor/00335.pt
00339,20.545,19.347,1,data/00339.mp4,7,train_tensor/00339.pt
00342,19.567,18.333,1,data/00342.mp4,7,train_tensor/00342.pt
00343,18.826,15.689,1,data/00343.mp4,7,train_tensor/00343.pt
00344,19.947,17.462,1,data/00344.mp4,7,train_tensor/00344.pt
00345,19.467,17.933,1,data/00345.mp4,6,train_tensor/00345.pt
00349,20.152,18.159,1,data/00349.mp4,7,train_tensor/00349.pt
00353,19.85,19.6,1,data/00353.mp4,7,train_tensor/00353.pt
00354,19.85,18.133,1,data/00354.mp4,7,train_tensor/00354.pt
00356,10.199,8.999,1,data/00356.mp4,8,train_tensor/00356.pt
00357,19.493,17.73,1,data/00357.mp4,7,train_tensor/00357.pt
00358,19.233,16.1,1,data/00358.mp4,7,train_tensor/00358.pt
00360,19.933,19.833,1,data/00360.mp4,7,train_tensor/00360.pt
00361,19.852,18.312,1,data/00361.mp4,7,train_tensor/00361.pt
00363,19.107,17.637,1,data/00363.mp4,6,train_tensor/00363.pt
00364,20.427,19.447,1,data/00364.mp4,7,train_tensor/00364.pt
00366,19.967,17.433,1,data/00366.mp4,7,train_tensor/00366.pt
00370,22.267,21.5,1,data/00370.mp4,7,train_tensor/00370.pt
00371,20.095,19.341,1,data/00371.mp4,7,train_tensor/00371.pt
00372,19.967,17.867,1,data/00372.mp4,7,train_tensor/00372.pt
00373,20.71,19.29,1,data/00373.mp4,7,train_tensor/00373.pt
00375,17.671,16.364,1,data/00375.mp4,6,train_tensor/00375.pt
00376,19.993,19.144,1,data/00376.mp4,7,train_tensor/00376.pt
00378,18.3,15.733,1,data/00378.mp4,6,train_tensor/00378.pt
00381,18.352,17.384,1,data/00381.mp4,6,train_tensor/00381.pt
00382,18.258,17.29,1,data/00382.mp4,7,train_tensor/00382.pt
00383,3.032,1.966,1,data/00383.mp4,2,train_tensor/00383.pt
00387,16.847,15.159,1,data/00387.mp4,6,train_tensor/00387.pt
00389,17.7,17.4,1,data/00389.mp4,6,train_tensor/00389.pt
00391,19.867,19.267,1,data/00391.mp4,7,train_tensor/00391.pt
00392,20.09,19.379,1,data/00392.mp4,7,train_tensor/00392.pt
00395,20.028,19.601,1,data/00395.mp4,7,train_tensor/00395.pt
00397,19.533,18.267,1,data/00397.mp4,7,train_tensor/00397.pt
00398,19.7,17.733,1,data/00398.mp4,7,train_tensor/00398.pt
00401,21.85,21.167,1,data/00401.mp4,8,train_tensor/00401.pt
00405,20.033,17.295,1,data/00405.mp4,7,train_tensor/00405.pt
00407,20.717,18.833,1,data/00407.mp4,7,train_tensor/00407.pt
00408,19.953,17.551,1,data/00408.mp4,9,train_tensor/00408.pt
00411,17.3,16.7,1,data/00411.mp4,6,train_tensor/00411.pt
00413,20.033,18.1,1,data/00413.mp4,7,train_tensor/00413.pt
00414,10.264,9.164,1,data/00414.mp4,8,train_tensor/00414.pt
00417,10.058,9.059,1,data/00417.mp4,8,train_tensor/00417.pt
00418,20.033,18.4,1,data/00418.mp4,7,train_tensor/00418.pt
00420,19.863,19.83,1,data/00420.mp4,7,train_tensor/00420.pt
00422,20.048,18.546,1,data/00422.mp4,7,train_tensor/00422.pt
00423,19.1,19.067,1,data/00423.mp4,7,train_tensor/00423.pt
00424,20.167,18.233,1,data/00424.mp4,7,train_tensor/00424.pt
00425,19.231,17.811,1,data/00425.mp4,6,train_tensor/00425.pt
00426,19.989,19.401,1,data/00426.mp4,7,train_tensor/00426.pt
00427,18.56,17.241,1,data/00427.mp4,7,train_tensor/00427.pt
00428,16.867,15.467,1,data/00428.mp4,6,train_tensor/00428.pt
00429,20.133,20.033,1,data/00429.mp4,7,train_tensor/00429.pt
00431,21.783,20.4,1,data/00431.mp4,8,train_tensor/00431.pt
00433,21.8,18.967,1,data/00433.mp4,8,train_tensor/00433.pt
00434,9.532,8.099,1,data/00434.mp4,7,train_tensor/00434.pt
00435,20.7,19.5,1,data/00435.mp4,7,train_tensor/00435.pt
00437,20.167,19.0,1,data/00437.mp4,7,train_tensor/00437.pt
00440,18.933,17.567,1,data/00440.mp4,7,train_tensor/00440.pt
00441,9.096,6.131,1,data/00441.mp4,7,train_tensor/00441.pt
00444,19.25,16.433,1,data/00444.mp4,7,train_tensor/00444.pt
00447,10.195,8.929,1,data/00447.mp4,8,train_tensor/00447.pt
00449,20.547,19.598,1,data/00449.mp4,7,train_tensor/00449.pt
00450,20.285,18.946,1,data/00450.mp4,7,train_tensor/00450.pt
00452,19.8,18.367,1,data/00452.mp4,7,train_tensor/00452.pt
00453,20.15,18.419,1,data/00453.mp4,7,train_tensor/00453.pt
00455,18.653,17.281,1,data/00455.mp4,7,train_tensor/00455.pt
00456,18.733,17.6,1,data/00456.mp4,7,train_tensor/00456.pt
00458,19.067,17.233,1,data/00458.mp4,7,train_tensor/00458.pt
00459,10.524,9.991,1,data/00459.mp4,8,train_tensor/00459.pt
00460,20.047,18.38,1,data/00460.mp4,7,train_tensor/00460.pt
00461,10.1,8.0,1,data/00461.mp4,8,train_tensor/00461.pt
00463,20.433,19.333,1,data/00463.mp4,7,train_tensor/00463.pt
00464,19.733,18.8,1,data/00464.mp4,7,train_tensor/00464.pt
00466,19.033,17.6,1,data/00466.mp4,7,train_tensor/00466.pt
00467,19.6,19.433,1,data/00467.mp4,7,train_tensor/00467.pt
00471,19.833,18.267,1,data/00471.mp4,7,train_tensor/00471.pt
00472,19.667,18.8,1,data/00472.mp4,7,train_tensor/00472.pt
00473,21.067,18.6,1,data/00473.mp4,7,train_tensor/00473.pt
00474,19.9,18.233,1,data/00474.mp4,7,train_tensor/00474.pt
00475,20.209,19.262,1,data/00475.mp4,7,train_tensor/00475.pt
00479,20.515,19.618,1,data/00479.mp4,7,train_tensor/00479.pt
00480,20.123,18.425,1,data/00480.mp4,7,train_tensor/00480.pt
00483,19.783,18.7,1,data/00483.mp4,7,train_tensor/00483.pt
00485,19.2,17.0,1,data/00485.mp4,7,train_tensor/00485.pt
00486,9.561,7.896,1,data/00486.mp4,8,train_tensor/00486.pt
00488,23.6,19.833,1,data/00488.mp4,8,train_tensor/00488.pt
00493,19.433,17.433,1,data/00493.mp4,7,train_tensor/00493.pt
00494,19.796,18.849,1,data/00494.mp4,7,train_tensor/00494.pt
00495,19.217,17.033,1,data/00495.mp4,7,train_tensor/00495.pt
00496,19.22,17.817,1,data/00496.mp4,7,train_tensor/00496.pt
00497,18.567,17.233,1,data/00497.mp4,7,train_tensor/00497.pt
00498,19.448,17.9,1,data/00498.mp4,7,train_tensor/00498.pt
00500,19.933,18.633,1,data/00500.mp4,7,train_tensor/00500.pt
00501,20.296,18.077,1,data/00501.mp4,7,train_tensor/00501.pt
00502,19.667,16.0,1,data/00502.mp4,7,train_tensor/00502.pt
00505,17.7,16.967,1,data/00505.mp4,7,train_tensor/00505.pt
00506,19.343,17.97,1,data/00506.mp4,7,train_tensor/00506.pt
00510,18.633,17.5,1,data/00510.mp4,6,train_tensor/00510.pt
00512,18.915,16.912,1,data/00512.mp4,6,train_tensor/00512.pt
00517,12.849,11.177,1,data/00517.mp4,5,train_tensor/00517.pt
00519,19.567,19.033,1,data/00519.mp4,7,train_tensor/00519.pt
00520,21.352,19.85,1,data/00520.mp4,7,train_tensor/00520.pt
00522,19.825,16.526,1,data/00522.mp4,7,train_tensor/00522.pt
00526,19.466,18.061,1,data/00526.mp4,7,train_tensor/00526.pt
00527,20.6,17.8,1,data/00527.mp4,7,train_tensor/00527.pt
00528,56.8,55.467,1,data/00528.mp4,14,train_tensor/00528.pt
00529,19.805,18.629,1,data/00529.mp4,7,train_tensor/00529.pt
00530,9.664,9.098,1,data/00530.mp4,7,train_tensor/00530.pt
00534,19.644,17.715,1,data/00534.mp4,7,train_tensor/00534.pt
00538,19.883,18.7,1,data/00538.mp4,7,train_tensor/00538.pt
00539,19.488,18.411,1,data/00539.mp4,7,train_tensor/00539.pt
00540,20.747,20.158,1,data/00540.mp4,7,train_tensor/00540.pt
00541,20.1,19.067,1,data/00541.mp4,7,train_tensor/00541.pt
00542,19.471,16.727,1,data/00542.mp4,7,train_tensor/00542.pt
00543,19.867,18.333,1,data/00543.mp4,7,train_tensor/00543.pt
00547,19.967,17.8,1,data/00547.mp4,7,train_tensor/00547.pt
00549,19.4,18.7,1,data/00549.mp4,7,train_tensor/00549.pt
00550,20.1,18.767,1,data/00550.mp4,7,train_tensor/00550.pt
00553,21.069,20.383,1,data/00553.mp4,7,train_tensor/00553.pt
00554,20.182,18.288,1,data/00554.mp4,7,train_tensor/00554.pt
00556,20.888,19.019,1,data/00556.mp4,7,train_tensor/00556.pt
00557,20.533,19.133,1,data/00557.mp4,7,train_tensor/00557.pt
00558,20.266,17.945,1,data/00558.mp4,7,train_tensor/00558.pt
00560,19.312,18.936,1,data/00560.mp4,7,train_tensor/00560.pt
00562,20.633,18.933,1,data/00562.mp4,7,train_tensor/00562.pt
00563,19.379,17.297,1,data/00563.mp4,7,train_tensor/00563.pt
00564,20.24,17.417,1,data/00564.mp4,7,train_tensor/00564.pt
00565,19.867,18.8,1,data/00565.mp4,7,train_tensor/00565.pt
00566,21.654,20.384,1,data/00566.mp4,7,train_tensor/00566.pt
00570,19.767,17.567,1,data/00570.mp4,7,train_tensor/00570.pt
00573,10.124,8.293,1,data/00573.mp4,8,train_tensor/00573.pt
00577,22.064,20.789,1,data/00577.mp4,8,train_tensor/00577.pt
00579,22.752,21.549,1,data/00579.mp4,7,train_tensor/00579.pt
00580,20.9,19.533,1,data/00580.mp4,7,train_tensor/00580.pt
00581,19.91,18.139,1,data/00581.mp4,7,train_tensor/00581.pt
00583,20.744,18.816,1,data/00583.mp4,7,train_tensor/00583.pt
00584,20.233,15.767,1,data/00584.mp4,7,train_tensor/00584.pt
00585,19.1,18.4,1,data/00585.mp4,7,train_tensor/00585.pt
00586,20.179,17.699,1,data/00586.mp4,7,train_tensor/00586.pt
00587,20.733,19.533,1,data/00587.mp4,7,train_tensor/00587.pt
00588,19.3,17.5,1,data/00588.mp4,7,train_tensor/00588.pt
00589,19.667,18.799,1,data/00589.mp4,7,train_tensor/00589.pt
00590,20.321,18.622,1,data/00590.mp4,7,train_tensor/00590.pt
00591,20.194,19.212,1,data/00591.mp4,7,train_tensor/00591.pt
00592,20.2,19.333,1,data/00592.mp4,7,train_tensor/00592.pt
00593,19.333,17.667,1,data/00593.mp4,7,train_tensor/00593.pt
00594,19.282,18.269,1,data/00594.mp4,7,train_tensor/00594.pt
00596,20.567,17.367,1,data/00596.mp4,7,train_tensor/00596.pt
00597,10.133,8.5,1,data/00597.mp4,8,train_tensor/00597.pt
00598,19.2,18.167,1,data/00598.mp4,7,train_tensor/00598.pt
00599,20.967,19.5,1,data/00599.mp4,7,train_tensor/00599.pt
00600,19.4,15.933,1,data/00600.mp4,7,train_tensor/00600.pt
00601,18.533,17.233,1,data/00601.mp4,6,train_tensor/00601.pt
00602,18.933,16.033,1,data/00602.mp4,7,train_tensor/00602.pt
00604,19.806,18.611,1,data/00604.mp4,7,train_tensor/00604.pt
00605,19.405,17.968,1,data/00605.mp4,7,train_tensor/00605.pt
00608,19.914,16.892,1,data/00608.mp4,7,train_tensor/00608.pt
00610,21.068,18.431,1,data/00610.mp4,7,train_tensor/00610.pt
00611,19.633,16.833,1,data/00611.mp4,7,train_tensor/00611.pt
00613,10.033,8.533,1,data/00613.mp4,7,train_tensor/00613.pt
00614,21.733,19.3,1,data/00614.mp4,8,train_tensor/00614.pt
00621,25.7,22.133,1,data/00621.mp4,8,train_tensor/00621.pt
00624,20.8,20.0,1,data/00624.mp4,7,train_tensor/00624.pt
00625,19.479,18.128,1,data/00625.mp4,7,train_tensor/00625.pt
00626,19.867,18.333,1,data/00626.mp4,7,train_tensor/00626.pt
00627,20.333,18.967,1,data/00627.mp4,7,train_tensor/00627.pt
00629,10.431,8.398,1,data/00629.mp4,8,train_tensor/00629.pt
00630,19.926,16.104,1,data/00630.mp4,7,train_tensor/00630.pt
00633,21.667,18.133,1,data/00633.mp4,8,train_tensor/00633.pt
00634,19.9,18.567,1,data/00634.mp4,7,train_tensor/00634.pt
00635,20.167,19.833,1,data/00635.mp4,7,train_tensor/00635.pt
00636,18.757,17.091,1,data/00636.mp4,6,train_tensor/00636.pt
00637,19.867,18.667,1,data/00637.mp4,7,train_tensor/00637.pt
00638,17.573,14.601,1,data/00638.mp4,6,train_tensor/00638.pt
00639,19.953,17.951,1,data/00639.mp4,7,train_tensor/00639.pt
00640,20.432,17.657,1,data/00640.mp4,7,train_tensor/00640.pt
00641,9.832,6.733,1,data/00641.mp4,7,train_tensor/00641.pt
00642,18.721,17.865,1,data/00642.mp4,6,train_tensor/00642.pt
00643,20.501,19.032,1,data/00643.mp4,7,train_tensor/00643.pt
00644,20.909,18.981,1,data/00644.mp4,7,train_tensor/00644.pt
00645,20.833,18.867,1,data/00645.mp4,7,train_tensor/00645.pt
00647,19.5,18.533,1,data/00647.mp4,7,train_tensor/00647.pt
00648,20.133,16.833,1,data/00648.mp4,7,train_tensor/00648.pt
00652,18.967,18.433,1,data/00652.mp4,7,train_tensor/00652.pt
00653,21.358,19.311,1,data/00653.mp4,8,train_tensor/00653.pt
00655,22.18,20.998,1,data/00655.mp4,8,train_tensor/00655.pt
00656,20.6,19.233,1,data/00656.mp4,7,train_tensor/00656.pt
00657,11.299,9.332,1,data/00657.mp4,9,train_tensor/00657.pt
00658,19.247,18.846,1,data/00658.mp4,6,train_tensor/00658.pt
00660,19.969,18.562,1,data/00660.mp4,7,train_tensor/00660.pt
00661,20.4,17.1,1,data/00661.mp4,7,train_tensor/00661.pt
00663,18.677,17.727,1,data/00663.mp4,6,train_tensor/00663.pt
00664,20.833,19.433,1,data/00664.mp4,7,train_tensor/00664.pt
00665,19.86,18.125,1,data/00665.mp4,7,train_tensor/00665.pt
00666,21.633,20.1,1,data/00666.mp4,8,train_tensor/00666.pt
00669,20.232,18.14,1,data/00669.mp4,7,train_tensor/00669.pt
00670,21.852,20.507,1,data/00670.mp4,7,train_tensor/00670.pt
00671,10.159,7.694,1,data/00671.mp4,8,train_tensor/00671.pt
00673,19.167,17.333,1,data/00673.mp4,7,train_tensor/00673.pt
00674,19.536,17.903,1,data/00674.mp4,7,train_tensor/00674.pt
00675,19.2,18.5,1,data/00675.mp4,7,train_tensor/00675.pt
00677,20.1,18.967,1,data/00677.mp4,7,train_tensor/00677.pt
00678,10.167,7.6,1,data/00678.mp4,8,train_tensor/00678.pt
00682,19.7,18.533,1,data/00682.mp4,7,train_tensor/00682.pt
00683,20.912,19.474,1,data/00683.mp4,7,train_tensor/00683.pt
00684,18.357,17.382,1,data/00684.mp4,6,train_tensor/00684.pt
00686,19.567,18.533,1,data/00686.mp4,7,train_tensor/00686.pt
00687,18.981,17.053,1,data/00687.mp4,7,train_tensor/00687.pt
00690,21.133,17.033,1,data/00690.mp4,7,train_tensor/00690.pt
00691,19.933,18.867,1,data/00691.mp4,7,train_tensor/00691.pt
00692,20.416,17.639,1,data/00692.mp4,7,train_tensor/00692.pt
00693,20.194,19.181,1,data/00693.mp4,7,train_tensor/00693.pt
00695,20.767,17.667,1,data/00695.mp4,7,train_tensor/00695.pt
00696,20.211,17.24,1,data/00696.mp4,7,train_tensor/00696.pt
00697,18.933,18.7,1,data/00697.mp4,7,train_tensor/00697.pt
00698,20.767,19.433,1,data/00698.mp4,7,train_tensor/00698.pt
00699,19.0,17.667,1,data/00699.mp4,7,train_tensor/00699.pt
00700,19.92,18.252,1,data/00700.mp4,7,train_tensor/00700.pt
00701,19.3,18.433,1,data/00701.mp4,7,train_tensor/00701.pt
00704,18.394,17.456,1,data/00704.mp4,6,train_tensor/00704.pt
00705,21.86,19.867,1,data/00705.mp4,7,train_tensor/00705.pt
00707,20.764,18.589,1,data/00707.mp4,7,train_tensor/00707.pt
00709,20.333,18.8,1,data/00709.mp4,7,train_tensor/00709.pt
00710,19.917,17.566,1,data/00710.mp4,7,train_tensor/00710.pt
00712,20.633,19.367,1,data/00712.mp4,7,train_tensor/00712.pt
00713,9.564,8.498,1,data/00713.mp4,8,train_tensor/00713.pt
00719,20.9,17.767,1,data/00719.mp4,7,train_tensor/00719.pt
00722,20.533,17.267,1,data/00722.mp4,7,train_tensor/00722.pt
00723,20.267,18.733,1,data/00723.mp4,7,train_tensor/00723.pt
00725,19.833,18.633,1,data/00725.mp4,7,train_tensor/00725.pt
00727,21.6,19.3,1,data/00727.mp4,8,train_tensor/00727.pt
00730,19.576,18.303,1,data/00730.mp4,7,train_tensor/00730.pt
00731,20.433,19.367,1,data/00731.mp4,7,train_tensor/00731.pt
00733,15.194,11.469,1,data/00733.mp4,5,train_tensor/00733.pt
00735,20.2,19.5,1,data/00735.mp4,7,train_tensor/00735.pt
00737,20.5,19.667,1,data/00737.mp4,7,train_tensor/00737.pt
00739,19.308,16.825,1,data/00739.mp4,7,train_tensor/00739.pt
00740,21.233,18.533,1,data/00740.mp4,7,train_tensor/00740.pt
00741,19.794,18.814,1,data/00741.mp4,7,train_tensor/00741.pt
00742,20.168,19.431,1,data/00742.mp4,7,train_tensor/00742.pt
00744,19.015,18.492,1,data/00744.mp4,6,train_tensor/00744.pt
00745,19.833,18.933,1,data/00745.mp4,7,train_tensor/00745.pt
00747,19.667,17.8,1,data/00747.mp4,7,train_tensor/00747.pt
00748,20.533,19.5,1,data/00748.mp4,7,train_tensor/00748.pt
00750,21.025,19.426,1,data/00750.mp4,7,train_tensor/00750.pt
00751,20.333,19.1,1,data/00751.mp4,7,train_tensor/00751.pt
00753,21.1,19.333,1,data/00753.mp4,7,train_tensor/00753.pt
00754,20.2,18.3,1,data/00754.mp4,7,train_tensor/00754.pt
00755,19.033,18.233,1,data/00755.mp4,7,train_tensor/00755.pt
00757,19.967,17.5,1,data/00757.mp4,7,train_tensor/00757.pt
00758,20.237,19.636,1,data/00758.mp4,7,train_tensor/00758.pt
00761,18.8,17.633,1,data/00761.mp4,7,train_tensor/00761.pt
00762,20.4,18.3,1,data/00762.mp4,7,train_tensor/00762.pt
00763,19.3,17.633,1,data/00763.mp4,7,train_tensor/00763.pt
00765,19.314,18.301,1,data/00765.mp4,6,train_tensor/00765.pt
00766,20.367,18.467,1,data/00766.mp4,7,train_tensor/00766.pt
00769,20.433,18.7,1,data/00769.mp4,7,train_tensor/00769.pt
00771,19.398,17.928,1,data/00771.mp4,7,train_tensor/00771.pt
00773,20.1,18.967,1,data/00773.mp4,7,train_tensor/00773.pt
00774,20.4,19.4,1,data/00774.mp4,7,train_tensor/00774.pt
00776,19.818,18.089,1,data/00776.mp4,7,train_tensor/00776.pt
00777,20.515,17.871,1,data/00777.mp4,7,train_tensor/00777.pt
00780,19.967,16.9,1,data/00780.mp4,7,train_tensor/00780.pt
00782,10.126,7.161,1,data/00782.mp4,8,train_tensor/00782.pt
00784,18.5,17.367,1,data/00784.mp4,7,train_tensor/00784.pt
00785,19.933,18.533,1,data/00785.mp4,7,train_tensor/00785.pt
00787,20.9,19.4,1,data/00787.mp4,7,train_tensor/00787.pt
00788,19.53,18.387,1,data/00788.mp4,7,train_tensor/00788.pt
00789,20.357,18.723,1,data/00789.mp4,7,train_tensor/00789.pt
00791,19.8,18.667,1,data/00791.mp4,7,train_tensor/00791.pt
00792,20.433,18.267,1,data/00792.mp4,7,train_tensor/00792.pt
00793,20.367,16.533,1,data/00793.mp4,7,train_tensor/00793.pt
00795,20.706,16.493,1,data/00795.mp4,7,train_tensor/00795.pt
00798,20.324,18.462,1,data/00798.mp4,7,train_tensor/00798.pt
00802,21.336,20.323,1,data/00802.mp4,7,train_tensor/00802.pt
00803,10.565,7.899,1,data/00803.mp4,8,train_tensor/00803.pt
00804,18.733,18.533,1,data/00804.mp4,7,train_tensor/00804.pt
00805,19.335,17.702,1,data/00805.mp4,6,train_tensor/00805.pt
00809,20.067,17.9,1,data/00809.mp4,7,train_tensor/00809.pt
00816,21.267,20.2,1,data/00816.mp4,7,train_tensor/00816.pt
00817,20.553,19.05,1,data/00817.mp4,7,train_tensor/00817.pt
00818,19.133,17.867,1,data/00818.mp4,7,train_tensor/00818.pt
00819,19.52,15.449,1,data/00819.mp4,7,train_tensor/00819.pt
00820,20.1,17.9,1,data/00820.mp4,7,train_tensor/00820.pt
00822,19.5,18.633,1,data/00822.mp4,7,train_tensor/00822.pt
00823,36.4,34.9,1,data/00823.mp4,13,train_tensor/00823.pt
00824,20.521,18.082,1,data/00824.mp4,7,train_tensor/00824.pt
00825,19.2,17.667,1,data/00825.mp4,7,train_tensor/00825.pt
00828,20.167,19.0,1,data/00828.mp4,7,train_tensor/00828.pt
00830,19.665,19.109,1,data/00830.mp4,7,train_tensor/00830.pt
00831,18.25,17.367,1,data/00831.mp4,6,train_tensor/00831.pt
00832,20.0,19.0,1,data/00832.mp4,7,train_tensor/00832.pt
00833,9.492,8.226,1,data/00833.mp4,7,train_tensor/00833.pt
00834,19.604,17.607,1,data/00834.mp4,7,train_tensor/00834.pt
00835,20.433,19.267,1,data/00835.mp4,7,train_tensor/00835.pt
00838,9.192,5.762,1,data/00838.mp4,7,train_tensor/00838.pt
00839,20.153,19.119,1,data/00839.mp4,7,train_tensor/00839.pt
00841,19.0,16.167,1,data/00841.mp4,7,train_tensor/00841.pt
00843,19.308,18.186,1,data/00843.mp4,7,train_tensor/00843.pt
00845,21.4,20.1,1,data/00845.mp4,8,train_tensor/00845.pt
00846,19.231,16.946,1,data/00846.mp4,7,train_tensor/00846.pt
00847,19.667,15.812,1,data/00847.mp4,7,train_tensor/00847.pt
00854,19.432,18.263,1,data/00854.mp4,6,train_tensor/00854.pt
00856,9.831,7.465,1,data/00856.mp4,8,train_tensor/00856.pt
00857,20.878,18.591,1,data/00857.mp4,7,train_tensor/00857.pt
00858,20.033,16.633,1,data/00858.mp4,7,train_tensor/00858.pt
00859,19.892,18.422,1,data/00859.mp4,7,train_tensor/00859.pt
00860,20.433,19.9,1,data/00860.mp4,7,train_tensor/00860.pt
00861,20.9,19.367,1,data/00861.mp4,7,train_tensor/00861.pt
00863,19.395,16.997,1,data/00863.mp4,7,train_tensor/00863.pt
00864,21.633,19.833,1,data/00864.mp4,8,train_tensor/00864.pt
00867,20.0,18.867,1,data/00867.mp4,7,train_tensor/00867.pt
00868,19.004,17.398,1,data/00868.mp4,6,train_tensor/00868.pt
00872,19.467,18.533,1,data/00872.mp4,7,train_tensor/00872.pt
00873,19.861,17.983,1,data/00873.mp4,7,train_tensor/00873.pt
00874,20.425,18.693,1,data/00874.mp4,7,train_tensor/00874.pt
00875,21.051,19.346,1,data/00875.mp4,7,train_tensor/00875.pt
00877,20.167,18.6,1,data/00877.mp4,7,train_tensor/00877.pt
00879,19.933,16.9,1,data/00879.mp4,7,train_tensor/00879.pt
00880,19.4,18.5,1,data/00880.mp4,7,train_tensor/00880.pt
00881,17.235,16.876,1,data/00881.mp4,6,train_tensor/00881.pt
00882,19.316,16.747,1,data/00882.mp4,6,train_tensor/00882.pt
00883,10.629,8.363,1,data/00883.mp4,8,train_tensor/00883.pt
00884,21.864,20.197,1,data/00884.mp4,7,train_tensor/00884.pt
00885,20.449,18.26,1,data/00885.mp4,7,train_tensor/00885.pt
00887,19.967,19.167,1,data/00887.mp4,7,train_tensor/00887.pt
00888,9.861,8.729,1,data/00888.mp4,7,train_tensor/00888.pt
00889,21.833,19.1,1,data/00889.mp4,8,train_tensor/00889.pt
00890,19.15,16.414,1,data/00890.mp4,7,train_tensor/00890.pt
00891,19.233,17.7,1,data/00891.mp4,7,train_tensor/00891.pt
00895,20.586,18.887,1,data/00895.mp4,7,train_tensor/00895.pt
00897,19.7,16.667,1,data/00897.mp4,7,train_tensor/00897.pt
00898,19.7,18.498,1,data/00898.mp4,7,train_tensor/00898.pt
00900,21.177,17.942,1,data/00900.mp4,7,train_tensor/00900.pt
00901,18.933,17.667,1,data/00901.mp4,7,train_tensor/00901.pt
00902,20.367,18.8,1,data/00902.mp4,7,train_tensor/00902.pt
00903,20.087,17.184,1,data/00903.mp4,7,train_tensor/00903.pt
00905,10.657,8.859,1,data/00905.mp4,8,train_tensor/00905.pt
00906,18.933,18.033,1,data/00906.mp4,6,train_tensor/00906.pt
00909,21.302,18.998,1,data/00909.mp4,7,train_tensor/00909.pt
00910,19.067,17.533,1,data/00910.mp4,7,train_tensor/00910.pt
00911,19.122,18.162,1,data/00911.mp4,7,train_tensor/00911.pt
00912,19.632,18.554,1,data/00912.mp4,7,train_tensor/00912.pt
00913,18.967,17.067,1,data/00913.mp4,7,train_tensor/00913.pt
00914,20.32,18.85,1,data/00914.mp4,7,train_tensor/00914.pt
00915,10.659,8.76,1,data/00915.mp4,8,train_tensor/00915.pt
00916,19.364,16.785,1,data/00916.mp4,7,train_tensor/00916.pt
00917,21.667,18.133,1,data/00917.mp4,8,train_tensor/00917.pt
00918,20.381,19.903,1,data/00918.mp4,7,train_tensor/00918.pt
00921,20.521,18.785,1,data/00921.mp4,7,train_tensor/00921.pt
00923,19.471,17.344,1,data/00923.mp4,7,train_tensor/00923.pt
00926,20.8,19.4,1,data/00926.mp4,7,train_tensor/00926.pt
00927,20.033,16.4,1,data/00927.mp4,7,train_tensor/00927.pt
00928,19.5,17.667,1,data/00928.mp4,7,train_tensor/00928.pt
00929,18.467,16.033,1,data/00929.mp4,6,train_tensor/00929.pt
00930,20.1,17.867,1,data/00930.mp4,7,train_tensor/00930.pt
00931,19.633,17.6,1,data/00931.mp4,7,train_tensor/00931.pt
00932,20.033,15.933,1,data/00932.mp4,7,train_tensor/00932.pt
00935,19.608,15.795,1,data/00935.mp4,7,train_tensor/00935.pt
00936,19.167,17.633,1,data/00936.mp4,7,train_tensor/00936.pt
00937,20.167,18.3,1,data/00937.mp4,7,train_tensor/00937.pt
00938,10.426,10.226,1,data/00938.mp4,8,train_tensor/00938.pt
00940,19.962,18.492,1,data/00940.mp4,7,train_tensor/00940.pt
00942,19.667,18.833,1,data/00942.mp4,7,train_tensor/00942.pt
00943,15.689,14.284,1,data/00943.mp4,6,train_tensor/00943.pt
00944,10.296,8.897,1,data/00944.mp4,11,train_tensor/00944.pt
00947,19.733,18.567,1,data/00947.mp4,7,train_tensor/00947.pt
00949,20.153,17.474,1,data/00949.mp4,7,train_tensor/00949.pt
00952,19.448,18.63,1,data/00952.mp4,7,train_tensor/00952.pt
00953,20.149,19.692,1,data/00953.mp4,7,train_tensor/00953.pt
00954,19.333,17.033,1,data/00954.mp4,7,train_tensor/00954.pt
00955,19.533,16.9,1,data/00955.mp4,7,train_tensor/00955.pt
00957,19.719,18.67,1,data/00957.mp4,7,train_tensor/00957.pt
00958,19.081,17.611,1,data/00958.mp4,6,train_tensor/00958.pt
00959,23.8,22.167,1,data/00959.mp4,8,train_tensor/00959.pt
00960,19.237,17.898,1,data/00960.mp4,7,train_tensor/00960.pt
00963,20.487,18.852,1,data/00963.mp4,7,train_tensor/00963.pt
00965,21.198,21.068,1,data/00965.mp4,7,train_tensor/00965.pt
00966,19.728,16.11,1,data/00966.mp4,7,train_tensor/00966.pt
00968,21.567,19.133,1,data/00968.mp4,8,train_tensor/00968.pt
00970,19.902,17.026,1,data/00970.mp4,7,train_tensor/00970.pt
00971,20.533,18.2,1,data/00971.mp4,7,train_tensor/00971.pt
00972,15.602,14.544,1,data/00972.mp4,5,train_tensor/00972.pt
00973,12.524,9.227,1,data/00973.mp4,10,train_tensor/00973.pt
00976,19.887,18.352,1,data/00976.mp4,7,train_tensor/00976.pt
00978,20.219,16.496,1,data/00978.mp4,7,train_tensor/00978.pt
00980,19.667,18.667,1,data/00980.mp4,7,train_tensor/00980.pt
00981,20.804,17.052,1,data/00981.mp4,7,train_tensor/00981.pt
00982,19.572,18.461,1,data/00982.mp4,7,train_tensor/00982.pt
00985,25.667,23.767,1,data/00985.mp4,9,train_tensor/00985.pt
00988,9.964,8.798,1,data/00988.mp4,8,train_tensor/00988.pt
00989,20.9,18.5,1,data/00989.mp4,7,train_tensor/00989.pt
00990,19.836,19.019,1,data/00990.mp4,7,train_tensor/00990.pt
00995,20.033,18.767,1,data/00995.mp4,7,train_tensor/00995.pt
00997,21.432,17.684,1,data/00997.mp4,7,train_tensor/00997.pt
00998,20.078,19.19,1,data/00998.mp4,7,train_tensor/00998.pt
01000,17.937,17.152,1,data/01000.mp4,6,train_tensor/01000.pt
01002,20.085,19.047,1,data/01002.mp4,7,train_tensor/01002.pt
01003,20.509,17.962,1,data/01003.mp4,7,train_tensor/01003.pt
01004,21.799,18.651,1,data/01004.mp4,8,train_tensor/01004.pt
01011,19.866,17.961,1,data/01011.mp4,7,train_tensor/01011.pt
01012,21.367,17.867,1,data/01012.mp4,7,train_tensor/01012.pt
01013,19.3,18.833,1,data/01013.mp4,7,train_tensor/01013.pt
01019,18.982,17.25,1,data/01019.mp4,7,train_tensor/01019.pt
01020,17.49,17.065,1,data/01020.mp4,6,train_tensor/01020.pt
01022,18.0,16.5,1,data/01022.mp4,7,train_tensor/01022.pt
01028,9.532,7.133,1,data/01028.mp4,7,train_tensor/01028.pt
01031,9.633,9.067,1,data/01031.mp4,8,train_tensor/01031.pt
01034,18.267,17.1,1,data/01034.mp4,6,train_tensor/01034.pt
01036,21.769,19.499,1,data/01036.mp4,7,train_tensor/01036.pt
01037,20.55,18.048,1,data/01037.mp4,7,train_tensor/01037.pt
01039,19.967,19.267,1,data/01039.mp4,7,train_tensor/01039.pt
01040,,,0,data/01040.mp4,-1,train_tensor/01040.pt
01041,,,0,data/01041.mp4,-1,train_tensor/01041.pt
01042,,,0,data/01042.mp4,-1,train_tensor/01042.pt
01043,,,0,data/01043.mp4,-1,train_tensor/01043.pt
01045,,,0,data/01045.mp4,-1,train_tensor/01045.pt
01046,,,0,data/01046.mp4,-1,train_tensor/01046.pt
01049,,,0,data/01049.mp4,-1,train_tensor/01049.pt
01050,,,0,data/01050.mp4,-1,train_tensor/01050.pt
01052,,,0,data/01052.mp4,-1,train_tensor/01052.pt
01054,,,0,data/01054.mp4,-1,train_tensor/01054.pt
01058,,,0,data/01058.mp4,-1,train_tensor/01058.pt
01060,,,0,data/01060.mp4,-1,train_tensor/01060.pt
01066,,,0,data/01066.mp4,-1,train_tensor/01066.pt
01070,,,0,data/01070.mp4,-1,train_tensor/01070.pt
01071,,,0,data/01071.mp4,-1,train_tensor/01071.pt
01072,,,0,data/01072.mp4,-1,train_tensor/01072.pt
01073,,,0,data/01073.mp4,-1,train_tensor/01073.pt
01074,,,0,data/01074.mp4,-1,train_tensor/01074.pt
01075,,,0,data/01075.mp4,-1,train_tensor/01075.pt
01076,,,0,data/01076.mp4,-1,train_tensor/01076.pt
01078,,,0,data/01078.mp4,-1,train_tensor/01078.pt
01079,,,0,data/01079.mp4,-1,train_tensor/01079.pt
01080,,,0,data/01080.mp4,-1,train_tensor/01080.pt
01081,,,0,data/01081.mp4,-1,train_tensor/01081.pt
01084,,,0,data/01084.mp4,-1,train_tensor/01084.pt
01085,,,0,data/01085.mp4,-1,train_tensor/01085.pt
01089,,,0,data/01089.mp4,-1,train_tensor/01089.pt
01090,,,0,data/01090.mp4,-1,train_tensor/01090.pt
01094,,,0,data/01094.mp4,-1,train_tensor/01094.pt
01095,,,0,data/01095.mp4,-1,train_tensor/01095.pt
01096,,,0,data/01096.mp4,-1,train_tensor/01096.pt
01102,,,0,data/01102.mp4,-1,train_tensor/01102.pt
01103,,,0,data/01103.mp4,-1,train_tensor/01103.pt
01108,,,0,data/01108.mp4,-1,train_tensor/01108.pt
01109,,,0,data/01109.mp4,-1,train_tensor/01109.pt
01111,,,0,data/01111.mp4,-1,train_tensor/01111.pt
01114,,,0,data/01114.mp4,-1,train_tensor/01114.pt
01115,,,0,data/01115.mp4,-1,train_tensor/01115.pt
01118,,,0,data/01118.mp4,-1,train_tensor/01118.pt
01121,,,0,data/01121.mp4,-1,train_tensor/01121.pt
01122,,,0,data/01122.mp4,-1,train_tensor/01122.pt
01127,,,0,data/01127.mp4,-1,train_tensor/01127.pt
01128,,,0,data/01128.mp4,-1,train_tensor/01128.pt
01130,,,0,data/01130.mp4,-1,train_tensor/01130.pt
01131,,,0,data/01131.mp4,-1,train_tensor/01131.pt
01132,,,0,data/01132.mp4,-1,train_tensor/01132.pt
01133,,,0,data/01133.mp4,-1,train_tensor/01133.pt
01134,,,0,data/01134.mp4,-1,train_tensor/01134.pt
01135,,,0,data/01135.mp4,-1,train_tensor/01135.pt
01137,,,0,data/01137.mp4,-1,train_tensor/01137.pt
01138,,,0,data/01138.mp4,-1,train_tensor/01138.pt
01140,,,0,data/01140.mp4,-1,train_tensor/01140.pt
01141,,,0,data/01141.mp4,-1,train_tensor/01141.pt
01142,,,0,data/01142.mp4,-1,train_tensor/01142.pt
01144,,,0,data/01144.mp4,-1,train_tensor/01144.pt
01145,,,0,data/01145.mp4,-1,train_tensor/01145.pt
01146,,,0,data/01146.mp4,-1,train_tensor/01146.pt
01147,,,0,data/01147.mp4,-1,train_tensor/01147.pt
01153,,,0,data/01153.mp4,-1,train_tensor/01153.pt
01155,,,0,data/01155.mp4,-1,train_tensor/01155.pt
01156,,,0,data/01156.mp4,-1,train_tensor/01156.pt
01157,,,0,data/01157.mp4,-1,train_tensor/01157.pt
01159,,,0,data/01159.mp4,-1,train_tensor/01159.pt
01162,,,0,data/01162.mp4,-1,train_tensor/01162.pt
01167,,,0,data/01167.mp4,-1,train_tensor/01167.pt
01172,,,0,data/01172.mp4,-1,train_tensor/01172.pt
01173,,,0,data/01173.mp4,-1,train_tensor/01173.pt
01177,,,0,data/01177.mp4,-1,train_tensor/01177.pt
01178,,,0,data/01178.mp4,-1,train_tensor/01178.pt
01182,,,0,data/01182.mp4,-1,train_tensor/01182.pt
01187,,,0,data/01187.mp4,-1,train_tensor/01187.pt
01189,,,0,data/01189.mp4,-1,train_tensor/01189.pt
01190,,,0,data/01190.mp4,-1,train_tensor/01190.pt
01191,,,0,data/01191.mp4,-1,train_tensor/01191.pt
01192,,,0,data/01192.mp4,-1,train_tensor/01192.pt
01194,,,0,data/01194.mp4,-1,train_tensor/01194.pt
01196,,,0,data/01196.mp4,-1,train_tensor/01196.pt
01205,,,0,data/01205.mp4,-1,train_tensor/01205.pt
01206,,,0,data/01206.mp4,-1,train_tensor/01206.pt
01209,,,0,data/01209.mp4,-1,train_tensor/01209.pt
01210,,,0,data/01210.mp4,-1,train_tensor/01210.pt
01211,,,0,data/01211.mp4,-1,train_tensor/01211.pt
01213,,,0,data/01213.mp4,-1,train_tensor/01213.pt
01214,,,0,data/01214.mp4,-1,train_tensor/01214.pt
01217,,,0,data/01217.mp4,-1,train_tensor/01217.pt
01218,,,0,data/01218.mp4,-1,train_tensor/01218.pt
01219,,,0,data/01219.mp4,-1,train_tensor/01219.pt
01221,,,0,data/01221.mp4,-1,train_tensor/01221.pt
01222,,,0,data/01222.mp4,-1,train_tensor/01222.pt
01225,,,0,data/01225.mp4,-1,train_tensor/01225.pt
01227,,,0,data/01227.mp4,-1,train_tensor/01227.pt
01228,,,0,data/01228.mp4,-1,train_tensor/01228.pt
01229,,,0,data/01229.mp4,-1,train_tensor/01229.pt
01230,,,0,data/01230.mp4,-1,train_tensor/01230.pt
01232,,,0,data/01232.mp4,-1,train_tensor/01232.pt
01235,,,0,data/01235.mp4,-1,train_tensor/01235.pt
01236,,,0,data/01236.mp4,-1,train_tensor/01236.pt
01238,,,0,data/01238.mp4,-1,train_tensor/01238.pt
01240,,,0,data/01240.mp4,-1,train_tensor/01240.pt
01242,,,0,data/01242.mp4,-1,train_tensor/01242.pt
01248,,,0,data/01248.mp4,-1,train_tensor/01248.pt
01249,,,0,data/01249.mp4,-1,train_tensor/01249.pt
01250,,,0,data/01250.mp4,-1,train_tensor/01250.pt
01252,,,0,data/01252.mp4,-1,train_tensor/01252.pt
01254,,,0,data/01254.mp4,-1,train_tensor/01254.pt
01256,,,0,data/01256.mp4,-1,train_tensor/01256.pt
01257,,,0,data/01257.mp4,-1,train_tensor/01257.pt
01259,,,0,data/01259.mp4,-1,train_tensor/01259.pt
01260,,,0,data/01260.mp4,-1,train_tensor/01260.pt
01261,,,0,data/01261.mp4,-1,train_tensor/01261.pt
01262,,,0,data/01262.mp4,-1,train_tensor/01262.pt
01263,,,0,data/01263.mp4,-1,train_tensor/01263.pt
01265,,,0,data/01265.mp4,-1,train_tensor/01265.pt
01266,,,0,data/01266.mp4,-1,train_tensor/01266.pt
01267,,,0,data/01267.mp4,-1,train_tensor/01267.pt
01268,,,0,data/01268.mp4,-1,train_tensor/01268.pt
01270,,,0,data/01270.mp4,-1,train_tensor/01270.pt
01271,,,0,data/01271.mp4,-1,train_tensor/01271.pt
01272,,,0,data/01272.mp4,-1,train_tensor/01272.pt
01276,,,0,data/01276.mp4,-1,train_tensor/01276.pt
01277,,,0,data/01277.mp4,-1,train_tensor/01277.pt
01278,,,0,data/01278.mp4,-1,train_tensor/01278.pt
01279,,,0,data/01279.mp4,-1,train_tensor/01279.pt
01281,,,0,data/01281.mp4,-1,train_tensor/01281.pt
01282,,,0,data/01282.mp4,-1,train_tensor/01282.pt
01283,,,0,data/01283.mp4,-1,train_tensor/01283.pt
01284,,,0,data/01284.mp4,-1,train_tensor/01284.pt
01286,,,0,data/01286.mp4,-1,train_tensor/01286.pt
01287,,,0,data/01287.mp4,-1,train_tensor/01287.pt
01288,,,0,data/01288.mp4,-1,train_tensor/01288.pt
01289,,,0,data/01289.mp4,-1,train_tensor/01289.pt
01290,,,0,data/01290.mp4,-1,train_tensor/01290.pt
01292,,,0,data/01292.mp4,-1,train_tensor/01292.pt
01294,,,0,data/01294.mp4,-1,train_tensor/01294.pt
01296,,,0,data/01296.mp4,-1,train_tensor/01296.pt
01298,,,0,data/01298.mp4,-1,train_tensor/01298.pt
01299,,,0,data/01299.mp4,-1,train_tensor/01299.pt
01301,,,0,data/01301.mp4,-1,train_tensor/01301.pt
01302,,,0,data/01302.mp4,-1,train_tensor/01302.pt
01303,,,0,data/01303.mp4,-1,train_tensor/01303.pt
01305,,,0,data/01305.mp4,-1,train_tensor/01305.pt
01306,,,0,data/01306.mp4,-1,train_tensor/01306.pt
01307,,,0,data/01307.mp4,-1,train_tensor/01307.pt
01309,,,0,data/01309.mp4,-1,train_tensor/01309.pt
01313,,,0,data/01313.mp4,-1,train_tensor/01313.pt
01317,,,0,data/01317.mp4,-1,train_tensor/01317.pt
01318,,,0,data/01318.mp4,-1,train_tensor/01318.pt
01319,,,0,data/01319.mp4,-1,train_tensor/01319.pt
01320,,,0,data/01320.mp4,-1,train_tensor/01320.pt
01321,,,0,data/01321.mp4,-1,train_tensor/01321.pt
01322,,,0,data/01322.mp4,-1,train_tensor/01322.pt
01323,,,0,data/01323.mp4,-1,train_tensor/01323.pt
01326,,,0,data/01326.mp4,-1,train_tensor/01326.pt
01328,,,0,data/01328.mp4,-1,train_tensor/01328.pt
01332,,,0,data/01332.mp4,-1,train_tensor/01332.pt
01334,,,0,data/01334.mp4,-1,train_tensor/01334.pt
01338,,,0,data/01338.mp4,-1,train_tensor/01338.pt
01340,,,0,data/01340.mp4,-1,train_tensor/01340.pt
01342,,,0,data/01342.mp4,-1,train_tensor/01342.pt
01343,,,0,data/01343.mp4,-1,train_tensor/01343.pt
01348,,,0,data/01348.mp4,-1,train_tensor/01348.pt
01350,,,0,data/01350.mp4,-1,train_tensor/01350.pt
01354,,,0,data/01354.mp4,-1,train_tensor/01354.pt
01355,,,0,data/01355.mp4,-1,train_tensor/01355.pt
01356,,,0,data/01356.mp4,-1,train_tensor/01356.pt
01357,,,0,data/01357.mp4,-1,train_tensor/01357.pt
01360,,,0,data/01360.mp4,-1,train_tensor/01360.pt
01362,,,0,data/01362.mp4,-1,train_tensor/01362.pt
01364,,,0,data/01364.mp4,-1,train_tensor/01364.pt
01365,,,0,data/01365.mp4,-1,train_tensor/01365.pt
01368,,,0,data/01368.mp4,-1,train_tensor/01368.pt
01369,,,0,data/01369.mp4,-1,train_tensor/01369.pt
01372,,,0,data/01372.mp4,-1,train_tensor/01372.pt
01374,,,0,data/01374.mp4,-1,train_tensor/01374.pt
01377,,,0,data/01377.mp4,-1,train_tensor/01377.pt
01379,,,0,data/01379.mp4,-1,train_tensor/01379.pt
01380,,,0,data/01380.mp4,-1,train_tensor/01380.pt
01382,,,0,data/01382.mp4,-1,train_tensor/01382.pt
01383,,,0,data/01383.mp4,-1,train_tensor/01383.pt
01384,,,0,data/01384.mp4,-1,train_tensor/01384.pt
01386,,,0,data/01386.mp4,-1,train_tensor/01386.pt
01387,,,0,data/01387.mp4,-1,train_tensor/01387.pt
01388,,,0,data/01388.mp4,-1,train_tensor/01388.pt
01390,,,0,data/01390.mp4,-1,train_tensor/01390.pt
01393,,,0,data/01393.mp4,-1,train_tensor/01393.pt
01394,,,0,data/01394.mp4,-1,train_tensor/01394.pt
01395,,,0,data/01395.mp4,-1,train_tensor/01395.pt
01397,,,0,data/01397.mp4,-1,train_tensor/01397.pt
01399,,,0,data/01399.mp4,-1,train_tensor/01399.pt
01400,,,0,data/01400.mp4,-1,train_tensor/01400.pt
01401,,,0,data/01401.mp4,-1,train_tensor/01401.pt
01402,,,0,data/01402.mp4,-1,train_tensor/01402.pt
01404,,,0,data/01404.mp4,-1,train_tensor/01404.pt
01405,,,0,data/01405.mp4,-1,train_tensor/01405.pt
01408,,,0,data/01408.mp4,-1,train_tensor/01408.pt
01411,,,0,data/01411.mp4,-1,train_tensor/01411.pt
01413,,,0,data/01413.mp4,-1,train_tensor/01413.pt
01414,,,0,data/01414.mp4,-1,train_tensor/01414.pt
01415,,,0,data/01415.mp4,-1,train_tensor/01415.pt
01416,,,0,data/01416.mp4,-1,train_tensor/01416.pt
01417,,,0,data/01417.mp4,-1,train_tensor/01417.pt
01419,,,0,data/01419.mp4,-1,train_tensor/01419.pt
01420,,,0,data/01420.mp4,-1,train_tensor/01420.pt
01421,,,0,data/01421.mp4,-1,train_tensor/01421.pt
01423,,,0,data/01423.mp4,-1,train_tensor/01423.pt
01425,,,0,data/01425.mp4,-1,train_tensor/01425.pt
01426,,,0,data/01426.mp4,-1,train_tensor/01426.pt
01431,,,0,data/01431.mp4,-1,train_tensor/01431.pt
01434,,,0,data/01434.mp4,-1,train_tensor/01434.pt
01436,,,0,data/01436.mp4,-1,train_tensor/01436.pt
01437,,,0,data/01437.mp4,-1,train_tensor/01437.pt
01438,,,0,data/01438.mp4,-1,train_tensor/01438.pt
01439,,,0,data/01439.mp4,-1,train_tensor/01439.pt
01440,,,0,data/01440.mp4,-1,train_tensor/01440.pt
01441,,,0,data/01441.mp4,-1,train_tensor/01441.pt
01442,,,0,data/01442.mp4,-1,train_tensor/01442.pt
01445,,,0,data/01445.mp4,-1,train_tensor/01445.pt
01446,,,0,data/01446.mp4,-1,train_tensor/01446.pt
01448,,,0,data/01448.mp4,-1,train_tensor/01448.pt
01449,,,0,data/01449.mp4,-1,train_tensor/01449.pt
01452,,,0,data/01452.mp4,-1,train_tensor/01452.pt
01453,,,0,data/01453.mp4,-1,train_tensor/01453.pt
01454,,,0,data/01454.mp4,-1,train_tensor/01454.pt
01456,,,0,data/01456.mp4,-1,train_tensor/01456.pt
01459,,,0,data/01459.mp4,-1,train_tensor/01459.pt
01461,,,0,data/01461.mp4,-1,train_tensor/01461.pt
01462,,,0,data/01462.mp4,-1,train_tensor/01462.pt
01463,,,0,data/01463.mp4,-1,train_tensor/01463.pt
01465,,,0,data/01465.mp4,-1,train_tensor/01465.pt
01466,,,0,data/01466.mp4,-1,train_tensor/01466.pt
01468,,,0,data/01468.mp4,-1,train_tensor/01468.pt
01470,,,0,data/01470.mp4,-1,train_tensor/01470.pt
01473,,,0,data/01473.mp4,-1,train_tensor/01473.pt
01476,,,0,data/01476.mp4,-1,train_tensor/01476.pt
01477,,,0,data/01477.mp4,-1,train_tensor/01477.pt
01478,,,0,data/01478.mp4,-1,train_tensor/01478.pt
01482,,,0,data/01482.mp4,-1,train_tensor/01482.pt
01485,,,0,data/01485.mp4,-1,train_tensor/01485.pt
01486,,,0,data/01486.mp4,-1,train_tensor/01486.pt
01487,,,0,data/01487.mp4,-1,train_tensor/01487.pt
01488,,,0,data/01488.mp4,-1,train_tensor/01488.pt
01490,,,0,data/01490.mp4,-1,train_tensor/01490.pt
01491,,,0,data/01491.mp4,-1,train_tensor/01491.pt
01492,,,0,data/01492.mp4,-1,train_tensor/01492.pt
01495,,,0,data/01495.mp4,-1,train_tensor/01495.pt
01496,,,0,data/01496.mp4,-1,train_tensor/01496.pt
01497,,,0,data/01497.mp4,-1,train_tensor/01497.pt
01498,,,0,data/01498.mp4,-1,train_tensor/01498.pt
01499,,,0,data/01499.mp4,-1,train_tensor/01499.pt
01500,,,0,data/01500.mp4,-1,train_tensor/01500.pt
01501,,,0,data/01501.mp4,-1,train_tensor/01501.pt
01503,,,0,data/01503.mp4,-1,train_tensor/01503.pt
01506,,,0,data/01506.mp4,-1,train_tensor/01506.pt
01507,,,0,data/01507.mp4,-1,train_tensor/01507.pt
01508,,,0,data/01508.mp4,-1,train_tensor/01508.pt
01510,,,0,data/01510.mp4,-1,train_tensor/01510.pt
01511,,,0,data/01511.mp4,-1,train_tensor/01511.pt
01517,,,0,data/01517.mp4,-1,train_tensor/01517.pt
01518,,,0,data/01518.mp4,-1,train_tensor/01518.pt
01519,,,0,data/01519.mp4,-1,train_tensor/01519.pt
01521,,,0,data/01521.mp4,-1,train_tensor/01521.pt
01523,,,0,data/01523.mp4,-1,train_tensor/01523.pt
01525,,,0,data/01525.mp4,-1,train_tensor/01525.pt
01526,,,0,data/01526.mp4,-1,train_tensor/01526.pt
01527,,,0,data/01527.mp4,-1,train_tensor/01527.pt
01529,,,0,data/01529.mp4,-1,train_tensor/01529.pt
01530,,,0,data/01530.mp4,-1,train_tensor/01530.pt
01532,,,0,data/01532.mp4,-1,train_tensor/01532.pt
01533,,,0,data/01533.mp4,-1,train_tensor/01533.pt
01534,,,0,data/01534.mp4,-1,train_tensor/01534.pt
01537,,,0,data/01537.mp4,-1,train_tensor/01537.pt
01539,,,0,data/01539.mp4,-1,train_tensor/01539.pt
01540,,,0,data/01540.mp4,-1,train_tensor/01540.pt
01541,,,0,data/01541.mp4,-1,train_tensor/01541.pt
01542,,,0,data/01542.mp4,-1,train_tensor/01542.pt
01543,,,0,data/01543.mp4,-1,train_tensor/01543.pt
01548,,,0,data/01548.mp4,-1,train_tensor/01548.pt
01550,,,0,data/01550.mp4,-1,train_tensor/01550.pt
01551,,,0,data/01551.mp4,-1,train_tensor/01551.pt
01552,,,0,data/01552.mp4,-1,train_tensor/01552.pt
01554,,,0,data/01554.mp4,-1,train_tensor/01554.pt
01557,,,0,data/01557.mp4,-1,train_tensor/01557.pt
01558,,,0,data/01558.mp4,-1,train_tensor/01558.pt
01559,,,0,data/01559.mp4,-1,train_tensor/01559.pt
01563,,,0,data/01563.mp4,-1,train_tensor/01563.pt
01564,,,0,data/01564.mp4,-1,train_tensor/01564.pt
01566,,,0,data/01566.mp4,-1,train_tensor/01566.pt
01568,,,0,data/01568.mp4,-1,train_tensor/01568.pt
01569,,,0,data/01569.mp4,-1,train_tensor/01569.pt
01570,,,0,data/01570.mp4,-1,train_tensor/01570.pt
01571,,,0,data/01571.mp4,-1,train_tensor/01571.pt
01572,,,0,data/01572.mp4,-1,train_tensor/01572.pt
01574,,,0,data/01574.mp4,-1,train_tensor/01574.pt
01577,,,0,data/01577.mp4,-1,train_tensor/01577.pt
01578,,,0,data/01578.mp4,-1,train_tensor/01578.pt
01579,,,0,data/01579.mp4,-1,train_tensor/01579.pt
01580,,,0,data/01580.mp4,-1,train_tensor/01580.pt
01581,,,0,data/01581.mp4,-1,train_tensor/01581.pt
01582,,,0,data/01582.mp4,-1,train_tensor/01582.pt
01584,,,0,data/01584.mp4,-1,train_tensor/01584.pt
01585,,,0,data/01585.mp4,-1,train_tensor/01585.pt
01586,,,0,data/01586.mp4,-1,train_tensor/01586.pt
01588,,,0,data/01588.mp4,-1,train_tensor/01588.pt
01589,,,0,data/01589.mp4,-1,train_tensor/01589.pt
01592,,,0,data/01592.mp4,-1,train_tensor/01592.pt
01593,,,0,data/01593.mp4,-1,train_tensor/01593.pt
01596,,,0,data/01596.mp4,-1,train_tensor/01596.pt
01597,,,0,data/01597.mp4,-1,train_tensor/01597.pt
01598,,,0,data/01598.mp4,-1,train_tensor/01598.pt
01599,,,0,data/01599.mp4,-1,train_tensor/01599.pt
01600,,,0,data/01600.mp4,-1,train_tensor/01600.pt
01603,,,0,data/01603.mp4,-1,train_tensor/01603.pt
01604,,,0,data/01604.mp4,-1,train_tensor/01604.pt
01605,,,0,data/01605.mp4,-1,train_tensor/01605.pt
01606,,,0,data/01606.mp4,-1,train_tensor/01606.pt
01607,,,0,data/01607.mp4,-1,train_tensor/01607.pt
01608,,,0,data/01608.mp4,-1,train_tensor/01608.pt
01609,,,0,data/01609.mp4,-1,train_tensor/01609.pt
01611,,,0,data/01611.mp4,-1,train_tensor/01611.pt
01616,,,0,data/01616.mp4,-1,train_tensor/01616.pt
01617,,,0,data/01617.mp4,-1,train_tensor/01617.pt
01618,,,0,data/01618.mp4,-1,train_tensor/01618.pt
01623,,,0,data/01623.mp4,-1,train_tensor/01623.pt
01625,,,0,data/01625.mp4,-1,train_tensor/01625.pt
01627,,,0,data/01627.mp4,-1,train_tensor/01627.pt
01628,,,0,data/01628.mp4,-1,train_tensor/01628.pt
01629,,,0,data/01629.mp4,-1,train_tensor/01629.pt
01630,,,0,data/01630.mp4,-1,train_tensor/01630.pt
01631,,,0,data/01631.mp4,-1,train_tensor/01631.pt
01632,,,0,data/01632.mp4,-1,train_tensor/01632.pt
01634,,,0,data/01634.mp4,-1,train_tensor/01634.pt
01635,,,0,data/01635.mp4,-1,train_tensor/01635.pt
01638,,,0,data/01638.mp4,-1,train_tensor/01638.pt
01639,,,0,data/01639.mp4,-1,train_tensor/01639.pt
01640,,,0,data/01640.mp4,-1,train_tensor/01640.pt
01643,,,0,data/01643.mp4,-1,train_tensor/01643.pt
01645,,,0,data/01645.mp4,-1,train_tensor/01645.pt
01646,,,0,data/01646.mp4,-1,train_tensor/01646.pt
01647,,,0,data/01647.mp4,-1,train_tensor/01647.pt
01649,,,0,data/01649.mp4,-1,train_tensor/01649.pt
01652,,,0,data/01652.mp4,-1,train_tensor/01652.pt
01654,,,0,data/01654.mp4,-1,train_tensor/01654.pt
01655,,,0,data/01655.mp4,-1,train_tensor/01655.pt
01656,,,0,data/01656.mp4,-1,train_tensor/01656.pt
01657,,,0,data/01657.mp4,-1,train_tensor/01657.pt
01662,,,0,data/01662.mp4,-1,train_tensor/01662.pt
01663,,,0,data/01663.mp4,-1,train_tensor/01663.pt
01664,,,0,data/01664.mp4,-1,train_tensor/01664.pt
01669,,,0,data/01669.mp4,-1,train_tensor/01669.pt
01671,,,0,data/01671.mp4,-1,train_tensor/01671.pt
01673,,,0,data/01673.mp4,-1,train_tensor/01673.pt
01678,,,0,data/01678.mp4,-1,train_tensor/01678.pt
01680,,,0,data/01680.mp4,-1,train_tensor/01680.pt
01681,,,0,data/01681.mp4,-1,train_tensor/01681.pt
01682,,,0,data/01682.mp4,-1,train_tensor/01682.pt
01683,,,0,data/01683.mp4,-1,train_tensor/01683.pt
01687,,,0,data/01687.mp4,-1,train_tensor/01687.pt
01690,,,0,data/01690.mp4,-1,train_tensor/01690.pt
01691,,,0,data/01691.mp4,-1,train_tensor/01691.pt
01695,,,0,data/01695.mp4,-1,train_tensor/01695.pt
01696,,,0,data/01696.mp4,-1,train_tensor/01696.pt
01697,,,0,data/01697.mp4,-1,train_tensor/01697.pt
01698,,,0,data/01698.mp4,-1,train_tensor/01698.pt
01699,,,0,data/01699.mp4,-1,train_tensor/01699.pt
01704,,,0,data/01704.mp4,-1,train_tensor/01704.pt
01705,,,0,data/01705.mp4,-1,train_tensor/01705.pt
01706,,,0,data/01706.mp4,-1,train_tensor/01706.pt
01707,,,0,data/01707.mp4,-1,train_tensor/01707.pt
01708,,,0,data/01708.mp4,-1,train_tensor/01708.pt
01710,,,0,data/01710.mp4,-1,train_tensor/01710.pt
01711,,,0,data/01711.mp4,-1,train_tensor/01711.pt
01712,,,0,data/01712.mp4,-1,train_tensor/01712.pt
01713,,,0,data/01713.mp4,-1,train_tensor/01713.pt
01714,,,0,data/01714.mp4,-1,train_tensor/01714.pt
01717,,,0,data/01717.mp4,-1,train_tensor/01717.pt
01719,,,0,data/01719.mp4,-1,train_tensor/01719.pt
01720,,,0,data/01720.mp4,-1,train_tensor/01720.pt
01722,,,0,data/01722.mp4,-1,train_tensor/01722.pt
01723,,,0,data/01723.mp4,-1,train_tensor/01723.pt
01724,,,0,data/01724.mp4,-1,train_tensor/01724.pt
01725,,,0,data/01725.mp4,-1,train_tensor/01725.pt
01726,,,0,data/01726.mp4,-1,train_tensor/01726.pt
01728,,,0,data/01728.mp4,-1,train_tensor/01728.pt
01734,,,0,data/01734.mp4,-1,train_tensor/01734.pt
01735,,,0,data/01735.mp4,-1,train_tensor/01735.pt
01736,,,0,data/01736.mp4,-1,train_tensor/01736.pt
01737,,,0,data/01737.mp4,-1,train_tensor/01737.pt
01739,,,0,data/01739.mp4,-1,train_tensor/01739.pt
01740,,,0,data/01740.mp4,-1,train_tensor/01740.pt
01741,,,0,data/01741.mp4,-1,train_tensor/01741.pt
01742,,,0,data/01742.mp4,-1,train_tensor/01742.pt
01747,,,0,data/01747.mp4,-1,train_tensor/01747.pt
01748,,,0,data/01748.mp4,-1,train_tensor/01748.pt
01750,,,0,data/01750.mp4,-1,train_tensor/01750.pt
01752,,,0,data/01752.mp4,-1,train_tensor/01752.pt
01753,,,0,data/01753.mp4,-1,train_tensor/01753.pt
01754,,,0,data/01754.mp4,-1,train_tensor/01754.pt
01755,,,0,data/01755.mp4,-1,train_tensor/01755.pt
01756,,,0,data/01756.mp4,-1,train_tensor/01756.pt
01761,,,0,data/01761.mp4,-1,train_tensor/01761.pt
01765,,,0,data/01765.mp4,-1,train_tensor/01765.pt
01766,,,0,data/01766.mp4,-1,train_tensor/01766.pt
01771,,,0,data/01771.mp4,-1,train_tensor/01771.pt
01778,,,0,data/01778.mp4,-1,train_tensor/01778.pt
01781,,,0,data/01781.mp4,-1,train_tensor/01781.pt
01783,,,0,data/01783.mp4,-1,train_tensor/01783.pt
01785,,,0,data/01785.mp4,-1,train_tensor/01785.pt
01786,,,0,data/01786.mp4,-1,train_tensor/01786.pt
01791,,,0,data/01791.mp4,-1,train_tensor/01791.pt
01795,,,0,data/01795.mp4,-1,train_tensor/01795.pt
01796,,,0,data/01796.mp4,-1,train_tensor/01796.pt
01797,,,0,data/01797.mp4,-1,train_tensor/01797.pt
01799,,,0,data/01799.mp4,-1,train_tensor/01799.pt
01800,,,0,data/01800.mp4,-1,train_tensor/01800.pt
01801,,,0,data/01801.mp4,-1,train_tensor/01801.pt
01802,,,0,data/01802.mp4,-1,train_tensor/01802.pt
01805,,,0,data/01805.mp4,-1,train_tensor/01805.pt
01806,,,0,data/01806.mp4,-1,train_tensor/01806.pt
01807,,,0,data/01807.mp4,-1,train_tensor/01807.pt
01809,,,0,data/01809.mp4,-1,train_tensor/01809.pt
01810,,,0,data/01810.mp4,-1,train_tensor/01810.pt
01811,,,0,data/01811.mp4,-1,train_tensor/01811.pt
01812,,,0,data/01812.mp4,-1,train_tensor/01812.pt
01813,,,0,data/01813.mp4,-1,train_tensor/01813.pt
01815,,,0,data/01815.mp4,-1,train_tensor/01815.pt
01819,,,0,data/01819.mp4,-1,train_tensor/01819.pt
01821,,,0,data/01821.mp4,-1,train_tensor/01821.pt
01824,,,0,data/01824.mp4,-1,train_tensor/01824.pt
01825,,,0,data/01825.mp4,-1,train_tensor/01825.pt
01827,,,0,data/01827.mp4,-1,train_tensor/01827.pt
01828,,,0,data/01828.mp4,-1,train_tensor/01828.pt
01829,,,0,data/01829.mp4,-1,train_tensor/01829.pt
01834,,,0,data/01834.mp4,-1,train_tensor/01834.pt
01835,,,0,data/01835.mp4,-1,train_tensor/01835.pt
01838,,,0,data/01838.mp4,-1,train_tensor/01838.pt
01840,,,0,data/01840.mp4,-1,train_tensor/01840.pt
01842,,,0,data/01842.mp4,-1,train_tensor/01842.pt
01843,,,0,data/01843.mp4,-1,train_tensor/01843.pt
01844,,,0,data/01844.mp4,-1,train_tensor/01844.pt
01845,,,0,data/01845.mp4,-1,train_tensor/01845.pt
01846,,,0,data/01846.mp4,-1,train_tensor/01846.pt
01848,,,0,data/01848.mp4,-1,train_tensor/01848.pt
01849,,,0,data/01849.mp4,-1,train_tensor/01849.pt
01852,,,0,data/01852.mp4,-1,train_tensor/01852.pt
01853,,,0,data/01853.mp4,-1,train_tensor/01853.pt
01858,,,0,data/01858.mp4,-1,train_tensor/01858.pt
01860,,,0,data/01860.mp4,-1,train_tensor/01860.pt
01862,,,0,data/01862.mp4,-1,train_tensor/01862.pt
01864,,,0,data/01864.mp4,-1,train_tensor/01864.pt
01866,,,0,data/01866.mp4,-1,train_tensor/01866.pt
01869,,,0,data/01869.mp4,-1,train_tensor/01869.pt
01870,,,0,data/01870.mp4,-1,train_tensor/01870.pt
01871,,,0,data/01871.mp4,-1,train_tensor/01871.pt
01872,,,0,data/01872.mp4,-1,train_tensor/01872.pt
01874,,,0,data/01874.mp4,-1,train_tensor/01874.pt
01875,,,0,data/01875.mp4,-1,train_tensor/01875.pt
01878,,,0,data/01878.mp4,-1,train_tensor/01878.pt
01879,,,0,data/01879.mp4,-1,train_tensor/01879.pt
01880,,,0,data/01880.mp4,-1,train_tensor/01880.pt
01881,,,0,data/01881.mp4,-1,train_tensor/01881.pt
01882,,,0,data/01882.mp4,-1,train_tensor/01882.pt
01887,,,0,data/01887.mp4,-1,train_tensor/01887.pt
01888,,,0,data/01888.mp4,-1,train_tensor/01888.pt
01889,,,0,data/01889.mp4,-1,train_tensor/01889.pt
01890,,,0,data/01890.mp4,-1,train_tensor/01890.pt
01891,,,0,data/01891.mp4,-1,train_tensor/01891.pt
01893,,,0,data/01893.mp4,-1,train_tensor/01893.pt
01896,,,0,data/01896.mp4,-1,train_tensor/01896.pt
01899,,,0,data/01899.mp4,-1,train_tensor/01899.pt
01901,,,0,data/01901.mp4,-1,train_tensor/01901.pt
01903,,,0,data/01903.mp4,-1,train_tensor/01903.pt
01904,,,0,data/01904.mp4,-1,train_tensor/01904.pt
01908,,,0,data/01908.mp4,-1,train_tensor/01908.pt
01912,,,0,data/01912.mp4,-1,train_tensor/01912.pt
01913,,,0,data/01913.mp4,-1,train_tensor/01913.pt
01916,,,0,data/01916.mp4,-1,train_tensor/01916.pt
01917,,,0,data/01917.mp4,-1,train_tensor/01917.pt
01918,,,0,data/01918.mp4,-1,train_tensor/01918.pt
01921,,,0,data/01921.mp4,-1,train_tensor/01921.pt
01922,,,0,data/01922.mp4,-1,train_tensor/01922.pt
01924,,,0,data/01924.mp4,-1,train_tensor/01924.pt
01925,,,0,data/01925.mp4,-1,train_tensor/01925.pt
01926,,,0,data/01926.mp4,-1,train_tensor/01926.pt
01929,,,0,data/01929.mp4,-1,train_tensor/01929.pt
01931,,,0,data/01931.mp4,-1,train_tensor/01931.pt
01932,,,0,data/01932.mp4,-1,train_tensor/01932.pt
01933,,,0,data/01933.mp4,-1,train_tensor/01933.pt
01934,,,0,data/01934.mp4,-1,train_tensor/01934.pt
01939,,,0,data/01939.mp4,-1,train_tensor/01939.pt
01943,,,0,data/01943.mp4,-1,train_tensor/01943.pt
01946,,,0,data/01946.mp4,-1,train_tensor/01946.pt
01948,,,0,data/01948.mp4,-1,train_tensor/01948.pt
01949,,,0,data/01949.mp4,-1,train_tensor/01949.pt
01951,,,0,data/01951.mp4,-1,train_tensor/01951.pt
01952,,,0,data/01952.mp4,-1,train_tensor/01952.pt
01954,,,0,data/01954.mp4,-1,train_tensor/01954.pt
01955,,,0,data/01955.mp4,-1,train_tensor/01955.pt
01959,,,0,data/01959.mp4,-1,train_tensor/01959.pt
01960,,,0,data/01960.mp4,-1,train_tensor/01960.pt
01961,,,0,data/01961.mp4,-1,train_tensor/01961.pt
01963,,,0,data/01963.mp4,-1,train_tensor/01963.pt
01964,,,0,data/01964.mp4,-1,train_tensor/01964.pt
01967,,,0,data/01967.mp4,-1,train_tensor/01967.pt
01968,,,0,data/01968.mp4,-1,train_tensor/01968.pt
01969,,,0,data/01969.mp4,-1,train_tensor/01969.pt
01970,,,0,data/01970.mp4,-1,train_tensor/01970.pt
01971,,,0,data/01971.mp4,-1,train_tensor/01971.pt
01972,,,0,data/01972.mp4,-1,train_tensor/01972.pt
01973,,,0,data/01973.mp4,-1,train_tensor/01973.pt
01975,,,0,data/01975.mp4,-1,train_tensor/01975.pt
01976,,,0,data/01976.mp4,-1,train_tensor/01976.pt
01979,,,0,data/01979.mp4,-1,train_tensor/01979.pt
01980,,,0,data/01980.mp4,-1,train_tensor/01980.pt
01983,,,0,data/01983.mp4,-1,train_tensor/01983.pt
01985,,,0,data/01985.mp4,-1,train_tensor/01985.pt
01986,,,0,data/01986.mp4,-1,train_tensor/01986.pt
01987,,,0,data/01987.mp4,-1,train_tensor/01987.pt
01988,,,0,data/01988.mp4,-1,train_tensor/01988.pt
01989,,,0,data/01989.mp4,-1,train_tensor/01989.pt
01990,,,0,data/01990.mp4,-1,train_tensor/01990.pt
01991,,,0,data/01991.mp4,-1,train_tensor/01991.pt
01992,,,0,data/01992.mp4,-1,train_tensor/01992.pt
01994,,,0,data/01994.mp4,-1,train_tensor/01994.pt
01995,,,0,data/01995.mp4,-1,train_tensor/01995.pt
01996,,,0,data/01996.mp4,-1,train_tensor/01996.pt
01998,,,0,data/01998.mp4,-1,train_tensor/01998.pt
02000,,,0,data/02000.mp4,-1,train_tensor/02000.pt
02002,,,0,data/02002.mp4,-1,train_tensor/02002.pt
02003,,,0,data/02003.mp4,-1,train_tensor/02003.pt
02004,,,0,data/02004.mp4,-1,train_tensor/02004.pt
02006,,,0,data/02006.mp4,-1,train_tensor/02006.pt
02007,,,0,data/02007.mp4,-1,train_tensor/02007.pt
02011,,,0,data/02011.mp4,-1,train_tensor/02011.pt
02012,,,0,data/02012.mp4,-1,train_tensor/02012.pt
02013,,,0,data/02013.mp4,-1,train_tensor/02013.pt
02016,,,0,data/02016.mp4,-1,train_tensor/02016.pt
02017,,,0,data/02017.mp4,-1,train_tensor/02017.pt
02019,,,0,data/02019.mp4,-1,train_tensor/02019.pt
02022,,,0,data/02022.mp4,-1,train_tensor/02022.pt
02026,,,0,data/02026.mp4,-1,train_tensor/02026.pt
02027,,,0,data/02027.mp4,-1,train_tensor/02027.pt
02028,,,0,data/02028.mp4,-1,train_tensor/02028.pt
02029,,,0,data/02029.mp4,-1,train_tensor/02029.pt
02031,,,0,data/02031.mp4,-1,train_tensor/02031.pt
02032,,,0,data/02032.mp4,-1,train_tensor/02032.pt
02034,,,0,data/02034.mp4,-1,train_tensor/02034.pt
02035,,,0,data/02035.mp4,-1,train_tensor/02035.pt
02037,,,0,data/02037.mp4,-1,train_tensor/02037.pt
02039,,,0,data/02039.mp4,-1,train_tensor/02039.pt
02040,,,0,data/02040.mp4,-1,train_tensor/02040.pt
02041,,,0,data/02041.mp4,-1,train_tensor/02041.pt
02042,,,0,data/02042.mp4,-1,train_tensor/02042.pt
02045,,,0,data/02045.mp4,-1,train_tensor/02045.pt
02046,,,0,data/02046.mp4,-1,train_tensor/02046.pt
02048,,,0,data/02048.mp4,-1,train_tensor/02048.pt
02049,,,0,data/02049.mp4,-1,train_tensor/02049.pt
02050,,,0,data/02050.mp4,-1,train_tensor/02050.pt
02051,,,0,data/02051.mp4,-1,train_tensor/02051.pt
02052,,,0,data/02052.mp4,-1,train_tensor/02052.pt
02055,,,0,data/02055.mp4,-1,train_tensor/02055.pt
02059,,,0,data/02059.mp4,-1,train_tensor/02059.pt
02060,,,0,data/02060.mp4,-1,train_tensor/02060.pt
02061,,,0,data/02061.mp4,-1,train_tensor/02061.pt
02064,,,0,data/02064.mp4,-1,train_tensor/02064.pt
02067,,,0,data/02067.mp4,-1,train_tensor/02067.pt
02069,,,0,data/02069.mp4,-1,train_tensor/02069.pt
02071,,,0,data/02071.mp4,-1,train_tensor/02071.pt
02072,,,0,data/02072.mp4,-1,train_tensor/02072.pt
02074,,,0,data/02074.mp4,-1,train_tensor/02074.pt
02079,,,0,data/02079.mp4,-1,train_tensor/02079.pt
02080,,,0,data/02080.mp4,-1,train_tensor/02080.pt
02083,,,0,data/02083.mp4,-1,train_tensor/02083.pt
02084,,,0,data/02084.mp4,-1,train_tensor/02084.pt
02085,,,0,data/02085.mp4,-1,train_tensor/02085.pt
02087,,,0,data/02087.mp4,-1,train_tensor/02087.pt
02088,,,0,data/02088.mp4,-1,train_tensor/02088.pt
02089,,,0,data/02089.mp4,-1,train_tensor/02089.pt
02092,,,0,data/02092.mp4,-1,train_tensor/02092.pt
02096,,,0,data/02096.mp4,-1,train_tensor/02096.pt
02097,,,0,data/02097.mp4,-1,train_tensor/02097.pt
02102,,,0,data/02102.mp4,-1,train_tensor/02102.pt
02104,,,0,data/02104.mp4,-1,train_tensor/02104.pt
02105,,,0,data/02105.mp4,-1,train_tensor/02105.pt
02106,,,0,data/02106.mp4,-1,train_tensor/02106.pt
02108,,,0,data/02108.mp4,-1,train_tensor/02108.pt
02111,,,0,data/02111.mp4,-1,train_tensor/02111.pt
02114,,,0,data/02114.mp4,-1,train_tensor/02114.pt
02115,,,0,data/02115.mp4,-1,train_tensor/02115.pt
02118,,,0,data/02118.mp4,-1,train_tensor/02118.pt
02119,,,0,data/02119.mp4,-1,train_tensor/02119.pt
02120,,,0,data/02120.mp4,-1,train_tensor/02120.pt
02121,,,0,data/02121.mp4,-1,train_tensor/02121.pt
02124,,,0,data/02124.mp4,-1,train_tensor/02124.pt
02129,,,0,data/02129.mp4,-1,train_tensor/02129.pt
02130,,,0,data/02130.mp4,-1,train_tensor/02130.pt
02132,,,0,data/02132.mp4,-1,train_tensor/02132.pt
02133,,,0,data/02133.mp4,-1,train_tensor/02133.pt
02134,,,0,data/02134.mp4,-1,train_tensor/02134.pt
02136,,,0,data/02136.mp4,-1,train_tensor/02136.pt
02137,,,0,data/02137.mp4,-1,train_tensor/02137.pt
